state_name,state_id,district_name,lg_dt_code,medium,micro,small,total
"ANDHRA PRADESH",28,Anakapalli,744,2,10783,30,10815
"ANDHRA PRADESH",28,PRAKASAM,517,15,17678,261,17954
"ARUNACHAL PRADESH",12,KAMLE,718,0,77,0,77
"ARUNACHAL PRADESH",12,"LOWER DIBANG VALLEY",235,0,367,6,373
"ARUNACHAL PRADESH",12,TIRAP,239,0,145,3,148
ASSAM,18,BAKSA,616,1,6673,14,6688
ASSAM,18,DIBRUGARH,286,2,13527,113,13642
ASSAM,18,GOALPARA,287,3,8379,25,8407
BIHAR,10,ARARIA,188,1,12336,44,12381
BIHAR,10,BEGUSARAI,191,13,15768,75,15856
BIHAR,10,BHOJPUR,193,6,9327,51,9384
BIHAR,10,BUXAR,194,2,6605,38,6645
BIHAR,10,"KAIMUR (BHABUA)",200,4,5844,123,5971
BIHAR,10,MADHEPURA,205,1,7604,19,7624
BIHAR,10,MUZAFFARPUR,208,10,27058,114,27182
BIHAR,10,ROHTAS,215,3,12157,99,12259
BIHAR,10,SUPAUL,223,1,10500,28,10529
CHHATTISGARH,22,BEMETARA,650,2,3180,27,3209
CHHATTISGARH,22,DURG,378,55,13041,407,13503
CHHATTISGARH,22,KOREA,384,0,1964,12,1976
CHHATTISGARH,22,MUNGELI,647,1,2753,18,2772
CHHATTISGARH,22,NARAYANPUR,637,0,328,1,329
CHHATTISGARH,22,RAIPUR,387,201,21156,1092,22449
CHHATTISGARH,22,SUKMA,642,0,458,5,463
CHHATTISGARH,22,SURAJPUR,648,3,1823,24,1850
GUJARAT,24,CHHOTAUDEPUR,668,4,2167,31,2202
GUJARAT,24,DANG,444,0,568,0,568
GUJARAT,24,DOHAD,445,6,11918,98,12022
GUJARAT,24,JAMNAGAR,447,65,22811,700,23576
GUJARAT,24,KHEDA,450,23,12956,251,13230
GUJARAT,24,"PANCH MAHALS",454,20,8111,154,8285
GUJARAT,24,PORBANDAR,456,8,3877,92,3977
GUJARAT,24,RAJKOT,457,282,113576,3152,117010
GUJARAT,24,TAPI,641,6,2915,57,2978
HARYANA,6,KARNAL,67,96,23352,748,24196
JHARKHAND,20,"BOKARO ",322,13,12470,102,12585
JHARKHAND,20,DUMKA,326,1,4717,34,4752
JHARKHAND,20,"GUMLA ",331,0,2210,4,2214
JHARKHAND,20,"KODERMA ",334,7,4262,16,4285
JHARKHAND,20,"PAKUR ",337,1,2086,25,2112
KARNATAKA,29,"BENGALURU (URBAN)",525,544,144900,4891,150335
KARNATAKA,29,DHARWAD,536,37,20319,307,20663
KARNATAKA,29,KOPPAL,543,8,7472,156,7636
KERALA,32,KASARAGOD,558,7,9461,97,9565
KERALA,32,WAYANAD,567,5,7390,69,7464
"MADHYA PRADESH",23,CHHATARPUR,398,4,6943,73,7020
"MADHYA PRADESH",23,DINDORI,404,0,1866,9,1875
"MADHYA PRADESH",23,GWALIOR,407,32,23688,339,24059
"MADHYA PRADESH",23,HARDA,408,5,3127,32,3164
"MADHYA PRADESH",23,HOSHANGABAD,409,24,7022,108,7154
"MADHYA PRADESH",23,JHABUA,412,4,4724,30,4758
"MADHYA PRADESH",23,KHARGONE,414,12,11272,138,11422
"MADHYA PRADESH",23,MANDLA,415,1,3004,55,3060
"MADHYA PRADESH",23,MAUGANJ,766,0,532,0,532
"MADHYA PRADESH",23,NARSINGHPUR,418,7,6624,65,6696
"MADHYA PRADESH",23,NEEMUCH,419,12,7473,127,7612
"MADHYA PRADESH",23,NIWARI,722,1,1247,14,1262
"MADHYA PRADESH",23,SAGAR,425,9,12992,116,13117
"MADHYA PRADESH",23,SEHORE,427,5,12593,103,12701
"MADHYA PRADESH",23,SIDHI,433,0,3296,8,3304
"MADHYA PRADESH",23,UJJAIN,435,10,21946,203,22159
"MADHYA PRADESH",23,VIDISHA,437,4,9855,125,9984
MAHARASHTRA,27,AURANGABAD,469,133,64436,866,65435
MAHARASHTRA,27,DHULE,474,24,15688,174,15886
MAHARASHTRA,27,HINGOLI,477,6,9687,53,9746
MAHARASHTRA,27,NASHIK,487,107,90876,1444,92427
MAHARASHTRA,27,SOLAPUR,496,42,59563,438,60043
MAHARASHTRA,27,THANE,497,291,143213,3492,146996
MAHARASHTRA,27,WARDHA,498,51,20786,168,21005
MAHARASHTRA,27,YAVATMAL,500,25,21389,160,21574
MANIPUR,14,CHURACHANDPUR,254,0,2466,4,2470
MANIPUR,14,"IMPHAL WEST",256,0,16772,41,16813
MANIPUR,14,PHERZAWL,715,0,202,0,202
MANIPUR,14,THOUBAL,259,0,7605,7,7612
MEGHALAYA,17,"WEST JAINTIA HILLS",275,0,1233,2,1235
MIZORAM,15,Hnahthial,726,0,139,1,140
NAGALAND,13,MON,247,0,822,2,824
NAGALAND,13,PEREN,613,0,404,0,404
NAGALAND,13,WOKHA,250,0,1136,5,1141
ODISHA,21,ANGUL,344,1,8801,58,8860
ODISHA,21,BOUDH,349,0,4358,11,4369
ODISHA,21,NABARANGPUR,366,3,3783,21,3807
ODISHA,21,NUAPADA,368,0,3374,20,3394
PUNJAB,3,BARNALA,605,3,10331,71,10405
PUNJAB,3,"FATEHGARH SAHIB",30,132,7490,404,8026
PUNJAB,3,FIROZEPUR,31,10,11868,75,11953
PUNJAB,3,JALANDHAR,34,52,36750,659,37461
PUNJAB,3,KAPURTHALA,35,11,11102,100,11213
PUNJAB,3,"SAS NAGAR",608,60,21175,574,21809
PUNJAB,3,"SRI MUKTSAR SAHIB",39,10,9907,95,10012
RAJASTHAN,8,BANSWARA,88,4,9391,44,9439
RAJASTHAN,8,Beawar,774,1,3690,9,3700
RAJASTHAN,8,BHARATPUR,91,17,15354,174,15545
RAJASTHAN,8,GANGANAGAR,100,35,24515,229,24779
RAJASTHAN,8,Gangapurcity,113,0,460,0,460
RAJASTHAN,8,HANUMANGARH,101,8,18672,190,18870
RAJASTHAN,8,JALORE,104,2,12402,78,12482
RAJASTHAN,8,KOTA,109,27,25159,361,25547
RAJASTHAN,8,Shahpura,92,0,340,0,340
SIKKIM,11,Gyalshing,228,0,422,0,422
"TAMIL NADU",33,Chengalpattu,730,10,18462,129,18601
"TAMIL NADU",33,COIMBATORE,569,250,96232,2501,98983
"TAMIL NADU",33,KRISHNAGIRI,577,41,35214,531,35786
"TAMIL NADU",33,SALEM,584,61,91621,788,92470
"TAMIL NADU",33,TIRUNELVELI,592,14,25602,228,25844
"TAMIL NADU",33,VIRUDHUNAGAR,597,49,36480,561,37090
TELANGANA,36,ADILABAD,501,6,5119,51,5176
TELANGANA,36,HYDERABAD,507,436,58166,2429,61031
TELANGANA,36,MAHABUBABAD,688,3,4186,39,4228
TELANGANA,36,Nirmal,680,5,8462,37,8504
TELANGANA,36,"RANGA REDDI",518,133,40142,1121,41396
TELANGANA,36,SANGAREDDY,691,51,14253,311,14615
TELANGANA,36,SURYAPET,696,5,6926,109,7040
TRIPURA,16,"SOUTH TRIPURA",271,4,4113,15,4132
"UTTAR PRADESH",9,AMETHI,640,7,8044,45,8096
"UTTAR PRADESH",9,AMROHA,154,11,11353,69,11433
"UTTAR PRADESH",9,BAGHPAT,124,1,12339,60,12400
"UTTAR PRADESH",9,BAHRAICH,125,15,9301,86,9402
"UTTAR PRADESH",9,BANDA,128,1,5348,34,5383
"UTTAR PRADESH",9,BHADOHI,179,0,15786,62,15848
"UTTAR PRADESH",9,ETAWAH,139,2,9819,52,9873
"UTTAR PRADESH",9,GONDA,147,1,11176,52,11229
"UTTAR PRADESH",9,"KANPUR NAGAR",157,102,52954,1140,54196
"UTTAR PRADESH",9,MIRZAPUR,170,5,14815,96,14916
"UTTAR PRADESH",9,SAMBHAL,659,33,12090,159,12282
"UTTAR PRADESH",9,VARANASI,187,30,70586,368,70984
"WEST BENGAL",19,MURSHIDABAD,319,10,37646,164,37820
"WEST BENGAL",19,NADIA,320,2,32405,98,32505
"WEST BENGAL",19,PURULIA,321,5,7361,67,7433
"ANDAMAN AND NICOBAR ISLANDS",35,"SOUTH ANDAMANS",602,0,2412,30,2442
DELHI,7,"NEW DELHI",79,138,18204,838,19180
DELHI,7,"NORTH EAST",81,24,26095,353,26472
"JAMMU AND KASHMIR",1,BARAMULLA,3,1,15327,22,15350
"JAMMU AND KASHMIR",1,POONCH,10,0,2171,4,2175
PUDUCHERRY,34,KARAIKAL,598,2,1840,18,1860
PUDUCHERRY,34,MAHE,600,0,163,5,168
PUDUCHERRY,34,PONDICHERRY,600,29,9056,199,9284
"ANDHRA PRADESH",28,Bapatla,750,1,10342,26,10369
"ANDHRA PRADESH",28,CHITOOR,503,21,27220,274,27515
"ANDHRA PRADESH",28,GUNTUR,506,78,29067,1021,30166
"ANDHRA PRADESH",28,NTR,749,5,21041,76,21122
"ARUNACHAL PRADESH",12,ANJAW,628,0,49,0,49
"ARUNACHAL PRADESH",12,Bichom,787,0,2,0,2
"ARUNACHAL PRADESH",12,CHANGLANG,229,0,716,10,726
"ARUNACHAL PRADESH",12,"DIBANG VALLEY",230,0,27,3,30
"ARUNACHAL PRADESH",12,"EAST SIANG",232,0,708,8,716
"ARUNACHAL PRADESH",12,"KRA DAADI",677,0,120,1,121
"ARUNACHAL PRADESH",12,LOHIT,234,1,462,6,469
"ARUNACHAL PRADESH",12,LONGDING,666,0,133,1,134
"ARUNACHAL PRADESH",12,"LOWER SIANG",719,0,234,2,236
"ARUNACHAL PRADESH",12,SIANG,679,1,134,0,135
"ARUNACHAL PRADESH",12,TAWANG,238,1,220,8,229
"ARUNACHAL PRADESH",12,"UPPER SIANG",240,0,99,0,99
"ARUNACHAL PRADESH",12,"WEST SIANG",243,0,279,6,285
ASSAM,18,BONGAIGAON,281,1,7557,20,7578
ASSAM,18,CACHAR,282,6,18761,71,18838
ASSAM,18,DHEMAJI,284,0,8244,21,8265
ASSAM,18,"DIMA HASAO",299,0,1528,7,1535
ASSAM,18,JORHAT,290,10,9991,79,10080
ASSAM,18,KARBI-ANGELONG,292,2,4048,14,4064
ASSAM,18,KARIMGANJ,293,3,8825,28,8856
ASSAM,18,MAJULI,706,0,1426,0,1426
BIHAR,10,ARWAL,611,0,2712,9,2721
BIHAR,10,AURANGABAD,189,0,11057,57,11114
BIHAR,10,JAMUI,198,2,7646,17,7665
BIHAR,10,KISHANGANJ,203,1,6051,25,6077
BIHAR,10,SITAMARHI,221,4,15222,26,15252
BIHAR,10,SIWAN,222,0,14123,34,14157
CHHATTISGARH,22,BILASPUR,375,28,12158,201,12387
CHHATTISGARH,22,"KHAIRGARH CHHUIKHADAN GANDAI",759,0,1228,2,1230
CHHATTISGARH,22,KONDAGAON,643,0,1845,4,1849
CHHATTISGARH,22,"MANENDRAGARH CHIRIMIRI BHARATPUR",760,0,869,2,871
CHHATTISGARH,22,"MOHLA MANPUR AMBAGARH CHOUKI",761,0,899,1,900
CHHATTISGARH,22,"SARANGARH BILAIGARH",763,0,1939,2,1941
GOA,30,"SOUTH GOA",552,19,5777,159,5955
GUJARAT,24,ANAND,440,22,18026,368,18416
GUJARAT,24,ARVALLI,672,3,5579,74,5656
GUJARAT,24,"BANAS KANTHA",441,30,21131,371,21532
GUJARAT,24,"DEVBHOOMI DWARKA",674,6,3106,75,3187
GUJARAT,24,MAHISAGAR,669,1,3747,21,3769
GUJARAT,24,NAVSARI,453,14,11993,232,12239
HARYANA,6,AMBALA,58,22,15934,297,16253
HARYANA,6,KAITHAL,66,26,13438,297,13761
"HIMACHAL PRADESH",2,BILASPUR,15,1,1991,12,2004
"HIMACHAL PRADESH",2,KINNAUR,19,1,947,1,949
"HIMACHAL PRADESH",2,KULLU,20,1,6915,14,6930
"HIMACHAL PRADESH",2,SHIMLA,23,0,4814,33,4847
JHARKHAND,20,GIRIDIH,329,5,10149,48,10202
KARNATAKA,29,BALLARI,528,32,9319,305,9656
KARNATAKA,29,BIDAR,529,9,8616,102,8727
KARNATAKA,29,CHIKBALLAPUR,630,5,12091,82,12178
KARNATAKA,29,CHIKKAMAGALURU,532,10,7856,85,7951
KARNATAKA,29,CHITRADURGA,533,7,9182,115,9304
KARNATAKA,29,DAVANGERE,535,5,14934,155,15094
KARNATAKA,29,GADAG,537,0,6951,67,7018
KARNATAKA,29,KODAGU,541,14,3694,61,3769
KARNATAKA,29,KOLAR,542,19,12009,208,12236
KARNATAKA,29,MYSURU,545,35,39614,353,40002
KARNATAKA,29,UDUPI,549,34,12643,254,12931
KERALA,32,KANNUR,557,14,16300,174,16488
KERALA,32,KOLLAM,559,17,19938,275,20230
KERALA,32,KOZHIKODE,561,50,26203,251,26504
KERALA,32,MALAPPURAM,562,16,26776,306,27098
"MADHYA PRADESH",23,ALIRAJPUR,639,0,1915,9,1924
"MADHYA PRADESH",23,BARWANI,393,12,5681,107,5800
"MADHYA PRADESH",23,BETUL,394,5,7742,45,7792
"MADHYA PRADESH",23,BURHANPUR,397,5,6763,83,6851
"MADHYA PRADESH",23,DHAR,403,55,15133,297,15485
"MADHYA PRADESH",23,"EAST NIMAR",405,7,5840,127,5974
"MADHYA PRADESH",23,GUNA,406,1,9731,66,9798
"MADHYA PRADESH",23,JABALPUR,411,13,19237,287,19537
"MADHYA PRADESH",23,RAISEN,421,20,7129,147,7296
"MADHYA PRADESH",23,REWA,424,4,9389,66,9459
"MADHYA PRADESH",23,SHAJAPUR,430,25,9123,53,9201
"MADHYA PRADESH",23,SHEOPUR,431,0,2549,26,2575
"MADHYA PRADESH",23,SHIVPURI,432,3,8644,95,8742
"MADHYA PRADESH",23,TIKAMGARH,434,3,4489,51,4543
MAHARASHTRA,27,AKOLA,467,34,21617,331,21982
MAHARASHTRA,27,AMRAVATI,468,31,37177,266,37474
MAHARASHTRA,27,BEED,470,26,28230,195,28451
MAHARASHTRA,27,BULDHANA,472,22,31119,204,31345
MAHARASHTRA,27,LATUR,481,42,28753,252,29047
MAHARASHTRA,27,"MUMBAI SUBURBAN",483,423,103995,2993,107411
MAHARASHTRA,27,RATNAGIRI,492,6,24844,108,24958
MANIPUR,14,CHANDEL,253,1,896,2,899
MANIPUR,14,"IMPHAL EAST",255,0,15345,24,15369
MANIPUR,14,JIRIBAM,713,0,161,1,162
MANIPUR,14,SENAPATI,257,0,1937,6,1943
MANIPUR,14,TENGNOUPAL,716,0,777,0,777
MEGHALAYA,17,"EAST GARO HILLS",273,1,1350,2,1353
MIZORAM,15,KOLASIB,263,0,667,6,673
MIZORAM,15,LUNGLEI,265,0,809,1,810
MIZORAM,15,Saitual,727,0,237,0,237
ODISHA,21,DEOGARH,351,0,2080,2,2082
ODISHA,21,DHENKANAL,352,2,9437,51,9490
ODISHA,21,GANJAM,354,4,27393,180,27577
ODISHA,21,JAGATSINGHPUR,355,0,9014,28,9042
ODISHA,21,JAJAPUR,356,7,13946,83,14036
ODISHA,21,KENDRAPARA,360,0,10988,23,11011
ODISHA,21,KHORDHA,362,55,31697,455,32207
ODISHA,21,KORAPUT,363,1,7434,57,7492
PUNJAB,3,AMRITSAR,27,44,34064,458,34566
PUNJAB,3,MOGA,38,10,15495,86,15591
RAJASTHAN,8,AJMER,86,38,43670,642,44350
RAJASTHAN,8,Anoopgarh,100,0,1044,3,1047
RAJASTHAN,8,BARAN,89,4,8652,66,8722
RAJASTHAN,8,BIKANER,93,43,34448,583,35074
RAJASTHAN,8,BUNDI,94,14,10376,51,10441
RAJASTHAN,8,"Jodhpur Gramin",107,1,1993,8,2002
RAJASTHAN,8,KARAULI,108,1,7394,30,7425
RAJASTHAN,8,NAGAUR,110,9,35634,293,35936
RAJASTHAN,8,SIROHI,115,8,8344,113,8465
RAJASTHAN,8,TONK,116,7,13602,129,13738
SIKKIM,11,Namchi,227,1,983,8,992
SIKKIM,11,Pakyong,741,0,477,3,480
"TAMIL NADU",33,ERODE,573,67,51426,757,52250
"TAMIL NADU",33,Mayiladuthurai,735,2,6390,15,6407
"TAMIL NADU",33,Tenkasi,733,1,15021,60,15082
"TAMIL NADU",33,Tirupathur,732,1,20364,42,20407
"TAMIL NADU",33,TIRUPPUR,634,170,97725,2459,100354
TELANGANA,36,"JAYASHANKAR BHUPALAPALLY",687,2,2411,10,2423
TELANGANA,36,KARIMNAGAR,508,14,14197,176,14387
TELANGANA,36,"KOMARAM BHEEM ASIFABAD",699,2,2818,20,2840
TELANGANA,36,"MEDCHAL MALKAJGIRI",700,122,45701,1547,47370
TELANGANA,36,NAGARKURNOOL,694,1,4974,42,5017
TELANGANA,36,WANAPARTHY,693,1,4489,30,4520
TRIPURA,16,GOMATI,654,1,5281,23,5305
TRIPURA,16,KHOWAI,652,1,4010,7,4018
TRIPURA,16,UNAKOTI,655,0,2516,11,2527
"UTTAR PRADESH",9,"AMBEDAKAR NAGAR",121,1,17528,49,17578
"UTTAR PRADESH",9,AURAIYA,122,0,6416,23,6439
"UTTAR PRADESH",9,BAREILLY,130,22,35362,360,35744
"UTTAR PRADESH",9,DEORIA,137,1,10870,36,10907
"UTTAR PRADESH",9,FIROZABAD,143,17,23941,130,24088
"UTTAR PRADESH",9,HATHRAS,163,13,11744,135,11892
"UTTAR PRADESH",9,JAUNPUR,152,9,18590,44,18643
"UTTAR PRADESH",9,LUCKNOW,162,76,47467,729,48272
"UTTAR PRADESH",9,"RAE BARELI",175,4,12421,72,12497
"UTTAR PRADESH",9,SHAHJAHANPUR,180,16,13922,147,14085
"UTTAR PRADESH",9,SHAMLI,660,9,9446,51,9506
"UTTAR PRADESH",9,SONBHADRA,184,3,6781,52,6836
UTTARAKHAND,5,BAGESHWAR,46,0,1111,1,1112
UTTARAKHAND,5,UTTARKASHI,57,0,1932,1,1933
"WEST BENGAL",19,"NORTH 24 PRAGANAS",303,48,68540,603,69191
"ANDAMAN AND NICOBAR ISLANDS",35,"NORTH AND MIDDLE ANDAMAN",632,0,607,2,609
"JAMMU AND KASHMIR",1,KUPWARA,8,4,6902,16,6922
"JAMMU AND KASHMIR",1,RAMBAN,621,1,1598,4,1603
"JAMMU AND KASHMIR",1,REASI,627,0,1567,8,1575
LADAKH,37,KARGIL,6,0,1536,9,1545
"ANDHRA PRADESH",28,"Alluri Sitharama Raju",745,1,1926,1,1928
"ANDHRA PRADESH",28,KRISHNA,510,41,26020,629,26690
"ANDHRA PRADESH",28,KURNOOL,511,18,22793,212,23023
"ANDHRA PRADESH",28,Nandyal,755,2,13806,29,13837
"ARUNACHAL PRADESH",12,"LOWER SUBANSIRI",236,0,548,2,550
"ARUNACHAL PRADESH",12,NAMSAI,678,0,827,3,830
"ARUNACHAL PRADESH",12,"PAPUM PARE",237,6,2274,53,2333
"ARUNACHAL PRADESH",12,"SHI YOMI",725,0,22,0,22
"ARUNACHAL PRADESH",12,"UPPER SUBANSIRI",241,0,265,1,266
ASSAM,18,BAJALI,739,1,1585,7,1593
ASSAM,18,BARPETA,280,3,17405,42,17450
ASSAM,18,CHARAIDEO,708,3,3910,16,3929
ASSAM,18,CHIRANG,612,3,4518,18,4539
ASSAM,18,DARRANG,283,2,12348,22,12372
ASSAM,18,DHUBRI,285,1,14341,27,14369
ASSAM,18,NALBARI,298,7,15126,24,15157
BIHAR,10,BANKA,190,0,8829,23,8852
BIHAR,10,BHAGALPUR,192,3,20815,48,20866
BIHAR,10,JEHANABAD,199,1,3911,27,3939
BIHAR,10,KATIHAR,201,1,12633,40,12674
BIHAR,10,KHAGARIA,202,12,8137,34,8183
BIHAR,10,MADHUBANI,206,3,17644,31,17678
BIHAR,10,"PASHCHIM  CHAMPARAN",211,2,15253,51,15306
BIHAR,10,PATNA,212,62,45319,519,45900
BIHAR,10,PURNIA,214,5,17105,92,17202
BIHAR,10,SARAN,218,2,15261,40,15303
CHHATTISGARH,22,BALOD,646,2,3742,27,3771
CHHATTISGARH,22,"BALOD BAZAR",644,1,4947,196,5144
CHHATTISGARH,22,BIJAPUR,636,0,646,4,650
CHHATTISGARH,22,GARIABAND,645,2,1927,13,1942
CHHATTISGARH,22,"Gaurella Pendra Marwahi",734,0,1191,12,1203
CHHATTISGARH,22,JANJGIR-CHAMPA,379,7,8981,71,9059
CHHATTISGARH,22,JASHPUR,380,1,2595,16,2612
CHHATTISGARH,22,SURGUJA,389,3,3795,47,3845
GOA,30,"NORTH GOA",551,24,9276,196,9496
GUJARAT,24,"GIR SOMNATH",675,2,6319,131,6452
GUJARAT,24,JUNAGADH,448,25,12354,436,12815
GUJARAT,24,MAHESANA,451,143,15589,1020,16752
GUJARAT,24,PATAN,455,18,7217,161,7396
GUJARAT,24,SURAT,459,446,267190,6841,274477
GUJARAT,24,VALSAD,462,110,17471,899,18480
HARYANA,6,"CHARKI DADRI",701,6,2904,38,2948
HARYANA,6,JIND,65,13,13468,219,13700
HARYANA,6,PANIPAT,71,49,25244,1167,26460
HARYANA,6,ROHTAK,73,33,10339,257,10629
HARYANA,6,YAMUNANAGAR,76,17,15298,454,15769
"HIMACHAL PRADESH",2,KANGRA,18,8,6997,91,7096
"HIMACHAL PRADESH",2,UNA,26,7,3438,102,3547
JHARKHAND,20,JAMTARA,333,1,2590,4,2595
JHARKHAND,20,SAHEBGANJ,340,1,3437,35,3473
KARNATAKA,29,KALABURAGI,538,9,10245,202,10456
KARNATAKA,29,RAICHUR,546,24,7014,263,7301
KARNATAKA,29,RAMANAGARA,631,15,13958,172,14145
KARNATAKA,29,"UTTAR KANNAD",550,1,11766,85,11852
KARNATAKA,29,YADGIR,635,10,4490,55,4555
KERALA,32,IDUKKI,556,6,8815,94,8915
KERALA,32,PATHANAMTHIPTA,564,3,7796,58,7857
KERALA,32,THRISSUR,566,56,29424,397,29877
"MADHYA PRADESH",23,ANUPPUR,390,0,2083,14,2097
"MADHYA PRADESH",23,ASHOKNAGAR,391,2,7311,64,7377
"MADHYA PRADESH",23,DAMOH,400,0,4750,29,4779
"MADHYA PRADESH",23,INDORE,410,187,62152,2188,64527
"MADHYA PRADESH",23,RATLAM,423,17,13680,230,13927
MAHARASHTRA,27,BHANDARA,471,3,24192,78,24273
MAHARASHTRA,27,JALNA,479,36,23437,156,23629
MAHARASHTRA,27,"NAN DED",485,22,25342,175,25539
MAHARASHTRA,27,OSMANABAD,488,7,19321,67,19395
MAHARASHTRA,27,SATARA,494,35,42584,327,42946
MANIPUR,14,BISHNUPUR,252,1,8220,4,8225
MANIPUR,14,KAKCHING,711,1,3365,4,3370
MANIPUR,14,TAMENGLONG,258,0,855,4,859
MEGHALAYA,17,"EAST KHASI HILLS",274,3,2693,34,2730
MEGHALAYA,17,"SOUTH GARO HILLS",277,0,835,1,836
MEGHALAYA,17,"SOUTH WEST  GARO HILLS",663,0,803,0,803
MEGHALAYA,17,"SOUTH WEST KHASI HILLS",658,0,745,0,745
MEGHALAYA,17,"WEST KHASI HILLS",279,0,837,3,840
MIZORAM,15,CHAMPHAI,262,0,545,3,548
MIZORAM,15,MAMIT,266,0,347,1,348
NAGALAND,13,KOHIMA,245,1,1605,4,1610
NAGALAND,13,Meluri,788,0,40,0,40
NAGALAND,13,MOKOKCHUNG,246,1,1390,3,1394
NAGALAND,13,PHEK,248,0,1154,0,1154
NAGALAND,13,Shamator,765,0,372,0,372
NAGALAND,13,TUENSANG,249,0,677,0,677
NAGALAND,13,ZUNHEBOTO,251,0,859,1,860
ODISHA,21,BALESHWAR,346,9,22862,112,22983
ODISHA,21,BHADRAK,348,7,15155,38,15200
ODISHA,21,CUTTACK,350,23,30677,245,30945
ODISHA,21,KANDHAMAL,359,1,3159,3,3163
ODISHA,21,SAMBALPUR,371,8,7032,103,7143
ODISHA,21,SONEPUR,372,1,9875,28,9904
ODISHA,21,SUNDARGARH,373,53,10238,244,10535
PUNJAB,3,BATHINDA,28,17,17895,190,18102
PUNJAB,3,MALERKOTLA,737,2,4936,12,4950
PUNJAB,3,PATHANKOT,662,3,4206,43,4252
PUNJAB,3,"TARN TARAN",609,5,10463,36,10504
RAJASTHAN,8,Balotra,775,0,3426,33,3459
RAJASTHAN,8,BHILWARA,92,65,41299,574,41938
RAJASTHAN,8,CHURU,96,5,23811,125,23941
RAJASTHAN,8,Deeg,767,0,2049,2,2051
RAJASTHAN,8,Dudu,102,0,331,1,332
RAJASTHAN,8,JODHPUR,107,63,65036,1133,66232
RAJASTHAN,8,Phalodi,772,1,2474,3,2478
RAJASTHAN,8,PRATAPGARH,629,0,6691,22,6713
RAJASTHAN,8,"SAWAI MADHOPUR",113,2,7898,49,7949
RAJASTHAN,8,SIKAR,114,7,33787,181,33975
SIKKIM,11,Mangan,226,0,397,0,397
"TAMIL NADU",33,CHENNAI,568,384,79342,2904,82630
"TAMIL NADU",33,DHARMAPURI,571,7,25346,92,25445
"TAMIL NADU",33,DINDIGUL,572,28,28712,282,29022
"TAMIL NADU",33,KANCHIPURAM,574,150,29294,923,30367
"TAMIL NADU",33,PUDUKKOTTAI,582,9,16665,136,16810
"TAMIL NADU",33,Ranipet,731,1,16895,48,16944
"TAMIL NADU",33,SIVAGANGA,585,6,13555,87,13648
"TAMIL NADU",33,THANJAVUR,586,9,23985,130,24124
"TAMIL NADU",33,THIRUVALLUR,589,90,37586,938,38614
TELANGANA,36,Jagitial,681,1,9724,43,9768
TELANGANA,36,JANGOAN,689,1,4271,37,4309
TELANGANA,36,MAHABUBNAGAR,512,11,9071,101,9183
TELANGANA,36,Mulugu,720,0,1792,9,1801
TELANGANA,36,NIZAMABAD,516,17,14751,134,14902
TELANGANA,36,PEDDAPALLI,682,1,6637,63,6701
TRIPURA,16,DHALAI,269,1,3413,4,3418
TRIPURA,16,"NORTH TRIPURA",270,1,4106,11,4118
"UTTAR PRADESH",9,AGRA,118,50,60580,728,61358
"UTTAR PRADESH",9,AZAMGARH,123,0,28190,36,28226
"UTTAR PRADESH",9,BALLIA,126,2,10674,35,10711
"UTTAR PRADESH",9,BARABANKI,129,15,14028,130,14173
"UTTAR PRADESH",9,BASTI,131,3,9384,45,9432
"UTTAR PRADESH",9,CHANDAULI,135,14,10565,86,10665
"UTTAR PRADESH",9,ETAH,138,3,8827,61,8891
"UTTAR PRADESH",9,GHAZIABAD,145,156,57418,1567,59141
"UTTAR PRADESH",9,GHAZIPUR,146,7,15558,37,15602
"UTTAR PRADESH",9,HAPUR,661,25,12741,235,13001
"UTTAR PRADESH",9,"KANPUR DEHAT",156,8,9767,114,9889
"UTTAR PRADESH",9,KASGANJ,633,4,5013,30,5047
"UTTAR PRADESH",9,MAHOBA,165,2,4079,57,4138
"UTTAR PRADESH",9,MATHURA,167,16,30894,279,31189
"UTTAR PRADESH",9,MAU,168,0,26104,21,26125
"UTTAR PRADESH",9,PRATAPGARH,174,1,11461,27,11489
"UTTAR PRADESH",9,PRAYAGRAJ,120,16,28360,248,28624
UTTARAKHAND,5,ALMORA,45,2,2371,8,2381
UTTARAKHAND,5,PITHORAGARH,53,0,2690,7,2697
UTTARAKHAND,5,"TEHRI GARHWAL",55,3,2857,19,2879
"WEST BENGAL",19,COOCHBEHAR,308,3,15791,53,15847
"WEST BENGAL",19,DARJEELING,309,17,8838,236,9091
"WEST BENGAL",19,"EAST MEDINIPUR",317,9,48259,286,48554
"WEST BENGAL",19,HOOGHLY,312,27,29994,324,30345
"WEST BENGAL",19,HOWRAH,313,65,47251,885,48201
"WEST BENGAL",19,JALPAIGURI,314,9,10750,189,10948
"WEST BENGAL",19,"PURBA BARDHAMAN",306,17,25414,461,25892
"WEST BENGAL",19,"SOUTH 24 PRAGANAS",304,40,52088,335,52463
"WEST BENGAL",19,"UTTAR DINAJPUR",311,8,11248,159,11415
"ANDAMAN AND NICOBAR ISLANDS",35,NIKOBARS,603,0,209,2,211
DELHI,7,NORTH,80,97,22332,1194,23623
DELHI,7,"SOUTH WEST",84,81,21809,768,22658
DELHI,7,WEST,85,102,38369,1206,39677
"JAMMU AND KASHMIR",1,DODA,4,1,2733,6,2740
"JAMMU AND KASHMIR",1,UDHAMPUR,14,0,2484,17,2501
PUDUCHERRY,34,YANAM,600,1,221,9,231
"ANDHRA PRADESH",28,ANANTHAPUR,502,23,29341,232,29596
"ANDHRA PRADESH",28,Annamayya,753,0,15832,26,15858
"ANDHRA PRADESH",28,"EAST GODAVARI",505,64,25771,527,26362
"ANDHRA PRADESH",28,Eluru,748,4,14304,67,14375
"ANDHRA PRADESH",28,Kakinada,746,2,20380,54,20436
"ANDHRA PRADESH",28,Palnadu,751,0,12537,61,12598
"ANDHRA PRADESH",28,"Parvathipuram Manyam",743,0,3372,11,3383
"ANDHRA PRADESH",28,"Sri Sathya Sai",754,1,21912,27,21940
"ANDHRA PRADESH",28,SRIKAKULAM,519,8,17321,116,17445
"ANDHRA PRADESH",28,VISAKHAPATNAM,520,56,25755,521,26332
"ANDHRA PRADESH",28,"WEST GODAVARI",523,48,28358,503,28909
"ANDHRA PRADESH",28,Y.S.R,504,12,28708,219,28939
"ARUNACHAL PRADESH",12,"EAST KAMENG",231,0,266,2,268
"ARUNACHAL PRADESH",12,"WEST KAMENG",242,0,311,7,318
ASSAM,18,HAILAKANDI,289,1,5009,12,5022
ASSAM,18,HOJAI,709,2,8276,18,8296
ASSAM,18,LAKHIMPUR,295,4,20872,32,20908
ASSAM,18,SONITPUR,301,1,11606,66,11673
ASSAM,18,"SOUTH SALMARA MANCACHAR",707,0,3338,7,3345
BIHAR,10,DARBHANGA,195,4,15701,35,15740
BIHAR,10,GAYA,196,3,25301,93,25397
BIHAR,10,LAKHISARAI,204,1,4159,17,4177
BIHAR,10,NALANDA,209,1,12846,54,12901
BIHAR,10,"PURBI  CHAMPARAN",213,6,24074,84,24164
BIHAR,10,SAMASTIPUR,217,6,18997,51,19054
BIHAR,10,SHEIKHPURA,219,1,2888,6,2895
BIHAR,10,SHEOHAR,220,1,3166,1,3168
CHHATTISGARH,22,BASTAR,374,3,2988,37,3028
CHHATTISGARH,22,DANTEWADA,376,0,1066,5,1071
CHHATTISGARH,22,MAHASAMUND,385,1,5140,75,5216
CHHATTISGARH,22,RAIGARH,386,40,5479,130,5649
CHHATTISGARH,22,RAJNANDAGAON,388,12,6693,139,6844
CHHATTISGARH,22,SAKTI,762,0,1899,4,1903
GUJARAT,24,AHMADABAD,438,678,174046,6595,181319
GUJARAT,24,AMRELI,439,29,7973,211,8213
GUJARAT,24,BHARUCH,442,56,13795,762,14613
GUJARAT,24,KACHCHH,449,89,24447,791,25327
GUJARAT,24,MORBI,673,217,14190,1765,16172
GUJARAT,24,NARMADA,452,1,1556,9,1566
GUJARAT,24,"SABAR KANTHA",458,25,9503,332,9860
HARYANA,6,BHIWANI,59,26,11604,256,11886
HARYANA,6,HISAR,63,53,17888,441,18382
HARYANA,6,JHAJJAR,64,29,8589,535,9153
HARYANA,6,KURUKSHETRA,68,14,14009,196,14219
HARYANA,6,MAHENDRAGARH,69,3,6123,80,6206
HARYANA,6,REWARI,72,17,7088,169,7274
"HIMACHAL PRADESH",2,CHAMBA,16,0,1809,8,1817
"HIMACHAL PRADESH",2,"LAHUL AND SPITI",21,0,145,0,145
"HIMACHAL PRADESH",2,SOLAN,25,95,7285,586,7966
JHARKHAND,20,CHATRA,323,0,4490,13,4503
JHARKHAND,20,DEOGHAR,324,6,7778,36,7820
JHARKHAND,20,"GARHWA ",328,0,3190,15,3205
JHARKHAND,20,"KHUNTI ",606,0,1224,6,1230
JHARKHAND,20,PALAMU,338,4,5454,39,5497
JHARKHAND,20,"RAMGARH ",607,13,5728,43,5784
JHARKHAND,20,"SERAIKELA-KHARSAWAN  ",341,36,5306,217,5559
JHARKHAND,20,"SIMDEGA ",342,0,1182,4,1186
JHARKHAND,20,"WEST SINGHBHUM",343,4,3376,27,3407
KARNATAKA,29,BAGALKOT,524,7,20899,85,20991
KARNATAKA,29,"BENGALURU (RURAL)",526,94,28898,734,29726
KARNATAKA,29,"DAKSHIN KANNAD",534,37,21641,373,22051
KARNATAKA,29,HAVERI,540,7,10924,71,11002
KARNATAKA,29,MANDYA,544,5,12953,125,13083
KARNATAKA,29,SHIVAMOGGA,547,13,16564,129,16706
KARNATAKA,29,TUMAKURU,548,20,26176,352,26548
KARNATAKA,29,VIJAYAPURA,530,11,11692,116,11819
KERALA,32,ALAPPUZHA,554,6,16691,176,16873
KERALA,32,ERNAKULAM,555,91,35711,1149,36951
KERALA,32,PALAKKAD,563,24,23126,268,23418
"MADHYA PRADESH",23,BALAGHAT,392,2,7233,93,7328
"MADHYA PRADESH",23,BHOPAL,396,55,28991,585,29631
"MADHYA PRADESH",23,DATIA,401,1,4451,48,4500
"MADHYA PRADESH",23,Pandhurna,785,0,700,4,704
"MADHYA PRADESH",23,RAJGARH,422,6,15321,92,15419
"MADHYA PRADESH",23,SHAHDOL,429,1,3942,21,3964
"MADHYA PRADESH",23,SINGRAULI,638,2,3525,33,3560
"MADHYA PRADESH",23,UMARIA,436,1,1358,8,1367
MAHARASHTRA,27,CHANDRAPUR,473,28,23592,156,23776
MAHARASHTRA,27,GADCHIROLI,475,4,5739,44,5787
MAHARASHTRA,27,JALGAON,478,53,47804,487,48344
MAHARASHTRA,27,KOLHAPUR,480,98,101104,1343,102545
MAHARASHTRA,27,"MUMBAI ",482,914,88403,5069,94386
MAHARASHTRA,27,RAIGAD,491,51,45178,525,45754
MAHARASHTRA,27,SANGLI,493,48,42889,476,43413
MAHARASHTRA,27,SINDHUDURG,495,2,20303,48,20353
MAHARASHTRA,27,WASHIM,499,7,10690,49,10746
MANIPUR,14,NONEY,714,0,818,1,819
MEGHALAYA,17,"EAST JAINTIA HILLS",657,0,1323,5,1328
MEGHALAYA,17,"EASTERN WEST KHASI HILLS",740,0,299,0,299
MEGHALAYA,17,"RI BHOI",276,8,1401,37,1446
NAGALAND,13,DIMAPUR,244,3,3676,30,3709
NAGALAND,13,LONGLENG,615,0,515,0,515
NAGALAND,13,Niuland,764,0,626,0,626
NAGALAND,13,Tseminyu,757,0,198,0,198
ODISHA,21,BARGARH,347,7,19910,77,19994
ODISHA,21,JHARSUGUDA,357,4,3329,56,3389
ODISHA,21,KALAHANDI,358,1,6854,59,6914
ODISHA,21,KENDUJHAR,361,16,8921,51,8988
ODISHA,21,MAYURBHANJ,365,1,13726,58,13785
PUNJAB,3,MANSA,37,1,9071,66,9138
PUNJAB,3,SANGRUR,43,17,19707,268,19992
RAJASTHAN,8,ALWAR,87,122,33201,822,34145
RAJASTHAN,8,BARMER,90,20,21864,458,22342
RAJASTHAN,8,DHOLPUR,98,3,7147,41,7191
RAJASTHAN,8,JAIPUR,102,289,183552,3412,187253
RAJASTHAN,8,"Jaipur Gramin",102,1,6015,13,6029
RAJASTHAN,8,JAISALMER,103,0,7669,30,7699
RAJASTHAN,8,Kekri,86,0,466,0,466
RAJASTHAN,8,Khairthal-Tijara,770,2,2345,8,2355
RAJASTHAN,8,PALI,111,21,24775,298,25094
RAJASTHAN,8,RAJSAMAND,112,4,17362,83,17449
SIKKIM,11,Gangtok,225,1,1699,24,1724
"TAMIL NADU",33,ARIYALUR,610,4,8413,24,8441
"TAMIL NADU",33,CUDDALORE,570,12,29900,170,30082
"TAMIL NADU",33,KANNIYAKUMARI,575,14,33723,173,33910
"TAMIL NADU",33,NAGAPATTINAM,579,2,7573,40,7615
"TAMIL NADU",33,PERAMBALUR,581,4,4688,51,4743
"TAMIL NADU",33,RAMANATHAPURAM,583,4,15687,61,15752
"TAMIL NADU",33,"THE NILGIRISH",587,3,10496,52,10551
"TAMIL NADU",33,THIRUVARUR,590,4,10908,37,10949
"TAMIL NADU",33,TUTICORIN,594,19,21833,253,22105
"TAMIL NADU",33,VELLORE,595,14,32953,262,33229
"TAMIL NADU",33,VILLUPURAM,596,11,24166,165,24342
TELANGANA,36,Hanumakonda,686,10,8043,168,8221
TELANGANA,36,MANCHERIAL,684,2,8779,26,8807
TELANGANA,36,SIDDIPET,692,8,9589,132,9729
TELANGANA,36,Warangal,522,7,7868,73,7948
TELANGANA,36,"YADADRI BHUVANAGIRI",697,7,11775,104,11886
TRIPURA,16,SEPAHIJALA,653,4,5403,20,5427
"UTTAR PRADESH",9,ALIGARH,119,22,37786,266,38074
"UTTAR PRADESH",9,BULANDSHAHAR,134,19,21901,211,22131
"UTTAR PRADESH",9,CHITRAKOOT,136,0,3786,8,3794
"UTTAR PRADESH",9,HAMIRPUR,149,2,4057,28,4087
"UTTAR PRADESH",9,HARDOI,150,5,12967,102,13074
"UTTAR PRADESH",9,KAUSHAMBI,158,0,6036,19,6055
"UTTAR PRADESH",9,"LAKHIMPUR KHERI",159,2,11068,101,11171
"UTTAR PRADESH",9,MAINPURI,166,2,9830,54,9886
"UTTAR PRADESH",9,MUZAFFARNAGAR,172,40,22603,218,22861
"UTTAR PRADESH",9,SITAPUR,183,7,14464,70,14541
"UTTAR PRADESH",9,SULTANPUR,185,1,8941,31,8973
UTTARAKHAND,5,CHAMOLI,47,0,2160,2,2162
UTTARAKHAND,5,CHAMPAWAT,48,0,1496,8,1504
UTTARAKHAND,5,DEHRADUN,49,22,20074,259,20355
UTTARAKHAND,5,NAINITAL,51,3,8196,142,8341
UTTARAKHAND,5,"RUDRA PRAYAG",54,0,1025,0,1025
UTTARAKHAND,5,"UDHAM SINGH NAGAR",56,65,19397,723,20185
"WEST BENGAL",19,ALIPURDUAR,664,3,6271,41,6315
"WEST BENGAL",19,BIRBHUM,307,6,19040,147,19193
"WEST BENGAL",19,"DAKSHIN DINAJPUR",310,2,6812,47,6861
"WEST BENGAL",19,Jhargram,703,1,3158,19,3178
"WEST BENGAL",19,KALIMPONG,702,1,1398,0,1399
"WEST BENGAL",19,KOLKOTA,315,516,45899,3137,49552
CHANDIGARH,4,CHANDIGARH,44,47,9449,328,9824
DELHI,7,"NORTH WEST",82,218,54235,2482,56935
DELHI,7,"SOUTH ",83,192,22638,1052,23882
"JAMMU AND KASHMIR",1,ANANTNAG,1,1,12306,36,12343
"JAMMU AND KASHMIR",1,BUDGAM,2,0,22656,35,22691
"JAMMU AND KASHMIR",1,JAMMU,5,28,10825,195,11048
"JAMMU AND KASHMIR",1,KATHUA,7,13,4035,77,4125
"JAMMU AND KASHMIR",1,KISHTWAR,620,0,1065,3,1068
"JAMMU AND KASHMIR",1,RAJOURI,12,1,2826,11,2838
"JAMMU AND KASHMIR",1,SHOPIAN,625,1,2793,11,2805
"JAMMU AND KASHMIR",1,SRINAGAR,13,10,29537,162,29709
LADAKH,37,"LEH LADAKH",9,0,1999,23,2022
LAKSHADWEEP,31,"LAKSHADWEEP DISTRICT",553,0,217,0,217
"ANDHRA PRADESH",28,Konaseema,747,5,12307,30,12342
"ANDHRA PRADESH",28,"SPSR NELLORE",515,31,23337,418,23786
"ANDHRA PRADESH",28,Tirupati,752,8,20667,52,20727
"ANDHRA PRADESH",28,VIZIANAGARAM,521,13,12832,118,12963
"ARUNACHAL PRADESH",12,"Keyi Panyor",786,0,76,0,76
"ARUNACHAL PRADESH",12,"KURUNG KUMEY",233,0,100,1,101
"ARUNACHAL PRADESH",12,LEPARADA,724,0,120,0,120
"ARUNACHAL PRADESH",12,"PAKKE KESSANG",723,0,83,0,83
ASSAM,18,Biswanath,705,0,6700,22,6722
ASSAM,18,GOLAGHAT,288,2,11198,52,11252
ASSAM,18,KAMRUP,291,15,24713,159,24887
ASSAM,18,"KAMRUP METRO",618,61,15687,474,16222
ASSAM,18,KOKRAJHAR,294,2,7519,18,7539
ASSAM,18,MARIGAON,296,1,10255,19,10275
ASSAM,18,NAGAON,297,7,17113,79,17199
ASSAM,18,SIVASAGAR,300,0,7929,39,7968
ASSAM,18,TAMULPUR,756,0,2240,1,2241
ASSAM,18,TINSUKIA,302,4,11877,123,12004
ASSAM,18,UDALGURI,617,0,6841,23,6864
ASSAM,18,"WEST KARBI ANGLONG",710,0,1221,1,1222
BIHAR,10,GOPALGANJ,197,4,12462,27,12493
BIHAR,10,MUNGER,207,1,6840,11,6852
BIHAR,10,NAWADA,210,2,9932,22,9956
BIHAR,10,SAHARSA,216,1,8888,24,8913
BIHAR,10,VAISHALI,224,4,19793,58,19855
CHHATTISGARH,22,BALRAMPUR,649,0,1643,7,1650
CHHATTISGARH,22,DHAMTARI,377,5,4846,135,4986
CHHATTISGARH,22,KABIRDHAM,382,1,3841,16,3858
CHHATTISGARH,22,KANKER,381,1,2432,18,2451
CHHATTISGARH,22,KORBA,383,4,5171,62,5237
GUJARAT,24,BHAVNAGAR,443,68,24381,682,25131
GUJARAT,24,BOTAD,676,14,6150,164,6328
GUJARAT,24,GANDHINAGAR,446,78,16214,732,17024
GUJARAT,24,SURENDRANAGAR,460,31,12937,258,13226
GUJARAT,24,VADODARA,461,181,46457,1556,48194
HARYANA,6,FARIDABAD,60,178,40403,1806,42387
HARYANA,6,FATEHABAD,61,19,10534,181,10734
HARYANA,6,GURUGRAM,62,234,30503,1650,32387
HARYANA,6,NUH,604,5,5678,50,5733
HARYANA,6,PALWAL,619,19,7226,140,7385
HARYANA,6,PANCHKULA,70,16,6560,281,6857
HARYANA,6,SIRSA,74,21,14496,214,14731
HARYANA,6,SONIPAT,75,105,14762,956,15823
"HIMACHAL PRADESH",2,HAMIRPUR,17,0,2735,20,2755
"HIMACHAL PRADESH",2,MANDI,22,1,6122,38,6161
"HIMACHAL PRADESH",2,SIRMAUR,24,49,3180,227,3456
JHARKHAND,20,DHANBAD,325,14,14774,245,15033
JHARKHAND,20,"EAST SINGHBHUM",327,17,13575,190,13782
JHARKHAND,20,GODDA,330,0,5422,13,5435
JHARKHAND,20,"HAZARIBAG ",332,7,12575,42,12624
JHARKHAND,20,LATEHAR,335,1,2268,4,2273
JHARKHAND,20,"LOHARDAGA ",336,1,2225,5,2231
JHARKHAND,20,"RANCHI ",339,33,21723,320,22076
KARNATAKA,29,BELAGAVI,527,30,53737,397,54164
KARNATAKA,29,CHAMARAJNAGAR,531,3,5378,42,5423
KARNATAKA,29,HASSAN,539,15,15811,168,15994
KARNATAKA,29,VIJAYANAGAR,738,1,4153,22,4176
KERALA,32,KOTTAYAM,560,23,13852,237,14112
KERALA,32,THIRUVANANTHAPURAM,565,14,30762,211,30987
"MADHYA PRADESH",23,"AGAR MALWA",667,1,5895,26,5922
"MADHYA PRADESH",23,BHIND,395,3,7173,45,7221
"MADHYA PRADESH",23,CHHINDWARA,399,17,10038,107,10162
"MADHYA PRADESH",23,DEWAS,402,17,14297,194,14508
"MADHYA PRADESH",23,KATNI,413,26,5236,200,5462
"MADHYA PRADESH",23,Maihar,784,0,507,3,510
"MADHYA PRADESH",23,MANDSAUR,416,7,14893,148,15048
"MADHYA PRADESH",23,MORENA,417,23,10651,97,10771
"MADHYA PRADESH",23,PANNA,420,0,3281,14,3295
"MADHYA PRADESH",23,SATNA,426,7,8589,98,8694
"MADHYA PRADESH",23,SEONI,428,3,5390,70,5463
MAHARASHTRA,27,AHMEDNAGAR,466,51,67873,671,68595
MAHARASHTRA,27,GONDIA,476,4,17502,216,17722
MAHARASHTRA,27,NAGPUR,484,181,69932,1342,71455
MAHARASHTRA,27,NANDURBAR,486,8,9602,81,9691
MAHARASHTRA,27,PALGHAR,665,73,53594,1081,54748
MAHARASHTRA,27,PARBHANI,489,19,15330,98,15447
MAHARASHTRA,27,PUNE,490,599,211735,4970,217304
MANIPUR,14,KAMJONG,717,0,434,0,434
MANIPUR,14,KANGPOKPI,712,0,1161,1,1162
MANIPUR,14,UKHRUL,260,0,1408,2,1410
MEGHALAYA,17,"NORTH GARO HILLS",656,0,690,0,690
MEGHALAYA,17,"WEST GARO HILLS",278,0,2555,15,2570
MIZORAM,15,AIZAWL,261,2,3703,24,3729
MIZORAM,15,Khawzawl,728,0,137,1,138
MIZORAM,15,LAWNGTLAI,264,0,275,0,275
MIZORAM,15,SAIHA,267,0,138,1,139
MIZORAM,15,SERCHHIP,268,0,1122,1,1123
NAGALAND,13,Chumoukedima,758,0,1098,2,1100
NAGALAND,13,KIPHRIE,614,0,442,1,443
NAGALAND,13,Noklak,736,0,278,0,278
ODISHA,21,BALANGIR,345,9,12369,99,12477
ODISHA,21,GAJAPATI,353,0,2604,8,2612
ODISHA,21,"MALKANGIRI  ",364,0,3187,13,3200
ODISHA,21,NAYAGARH,367,3,10074,19,10096
ODISHA,21,PURI,369,1,21110,52,21163
ODISHA,21,RAYAGADA,370,0,4738,19,4757
PUNJAB,3,FARIDKOT,29,11,8957,51,9019
PUNJAB,3,FAZILKA,651,20,9135,102,9257
PUNJAB,3,GURDASPUR,32,5,13910,95,14010
PUNJAB,3,HOSHIARPUR,33,10,13510,111,13631
PUNJAB,3,LUDHIANA,36,289,93757,3390,97436
PUNJAB,3,PATIALA,41,44,31526,375,31945
PUNJAB,3,RUPNAGAR,42,4,6649,31,6684
PUNJAB,3,"SHAHID BHAGAT SINGH NAGAR",40,4,7367,20,7391
RAJASTHAN,8,CHITTORGARH,95,7,19189,130,19326
RAJASTHAN,8,DAUSA,97,2,16804,76,16882
RAJASTHAN,8,"Didwana Kuchaman",768,1,6364,3,6368
RAJASTHAN,8,DUNGARPUR,99,3,6503,11,6517
RAJASTHAN,8,JHALAWAR,105,2,12240,69,12311
RAJASTHAN,8,JHUNJHUNU,106,4,22238,118,22360
RAJASTHAN,8,Kotputli-Behror,782,2,3502,3,3507
RAJASTHAN,8,"Neem Ka Thana",114,1,935,8,944
RAJASTHAN,8,Salumbar,777,0,604,0,604
RAJASTHAN,8,Sanchor,104,0,440,0,440
RAJASTHAN,8,UDAIPUR,117,40,29694,462,30196
SIKKIM,11,Soreng,742,0,397,0,397
"TAMIL NADU",33,Kallakurichi,729,6,10124,44,10174
"TAMIL NADU",33,KARUR,576,17,16847,234,17098
"TAMIL NADU",33,MADURAI,578,33,44455,477,44965
"TAMIL NADU",33,NAMAKKAL,580,62,35098,640,35800
"TAMIL NADU",33,THENI,588,19,16364,164,16547
"TAMIL NADU",33,TIRUCHIRAPPALLI,591,18,29514,274,29806
"TAMIL NADU",33,TIRUVANNAMALAI,593,9,29008,172,29189
TELANGANA,36,"BHADRADRI KOTHAGUDEM",690,2,7225,41,7268
TELANGANA,36,"JOGULAMBA GADWAL",695,1,5053,38,5092
TELANGANA,36,KAMAREDDY,685,3,6462,43,6508
TELANGANA,36,KHAMMAM,509,8,11027,100,11135
TELANGANA,36,MEDAK,513,13,6713,147,6873
TELANGANA,36,NALGONDA,514,24,17488,215,17727
TELANGANA,36,Narayanpet,721,0,2511,14,2525
TELANGANA,36,"RAJANNA SIRCILLA",683,0,7169,18,7187
TELANGANA,36,VIKARABAD,698,3,5650,42,5695
TRIPURA,16,"WEST TRIPURA",272,16,9818,106,9940
"UTTAR PRADESH",9,AYODHYA,140,5,11535,54,11594
"UTTAR PRADESH",9,BALRAMPUR,127,0,4176,23,4199
"UTTAR PRADESH",9,BIJNOR,132,6,18334,86,18426
"UTTAR PRADESH",9,BUDAUN,133,5,12418,41,12464
"UTTAR PRADESH",9,FARRUKHABAD,141,0,8831,28,8859
"UTTAR PRADESH",9,FATEHPUR,142,2,8316,59,8377
"UTTAR PRADESH",9,"GAUTAM BUDDHA NAGAR",144,284,42637,2036,44957
"UTTAR PRADESH",9,GORAKHAPUR,148,20,24842,235,25097
"UTTAR PRADESH",9,JALAUN,151,1,9025,38,9064
"UTTAR PRADESH",9,JHANSI,153,8,15468,125,15601
"UTTAR PRADESH",9,KANNAUJ,155,0,7650,31,7681
"UTTAR PRADESH",9,KUSHINAGAR,160,2,10790,29,10821
"UTTAR PRADESH",9,LALITPUR,161,4,6654,54,6712
"UTTAR PRADESH",9,MAHARAJGANJ,164,8,8490,30,8528
"UTTAR PRADESH",9,MEERUT,169,54,56545,608,57207
"UTTAR PRADESH",9,MORADABAD,171,14,43275,295,43584
"UTTAR PRADESH",9,PILIBHIT,173,5,11924,79,12008
"UTTAR PRADESH",9,RAMPUR,176,13,15814,164,15991
"UTTAR PRADESH",9,SAHARANPUR,177,14,36300,166,36480
"UTTAR PRADESH",9,"SANT KABEER NAGAR",178,3,8070,28,8101
"UTTAR PRADESH",9,SHRAVASTI,181,1,3464,11,3476
"UTTAR PRADESH",9,SIDDHARTHNAGAR,182,1,6755,19,6775
"UTTAR PRADESH",9,UNNAO,186,9,10557,80,10646
UTTARAKHAND,5,HARIDWAR,50,76,19366,543,19985
UTTARAKHAND,5,"PAURI GARHWAL",52,5,3125,29,3159
"WEST BENGAL",19,BANKURA,305,5,12585,98,12688
"WEST BENGAL",19,MALDA,316,5,22308,91,22404
"WEST BENGAL",19,"PASCHIM BARDHAMAN",704,36,12335,206,12577
"WEST BENGAL",19,"WEST MEDINIPUR",318,13,24755,155,24923
DELHI,7,CENTRAL,77,176,22680,1214,24070
DELHI,7,EAST,78,78,28798,986,29862
DELHI,7,SHAHDARA,671,12,7570,187,7769
DELHI,7,"SOUTH EAST",670,37,10633,245,10915
"JAMMU AND KASHMIR",1,BANDIPORA,623,0,7797,5,7802
"JAMMU AND KASHMIR",1,GANDERBAL,626,0,11307,4,11311
"JAMMU AND KASHMIR",1,KULGAM,622,0,4886,6,4892
"JAMMU AND KASHMIR",1,PULWAMA,11,7,10713,76,10796
"JAMMU AND KASHMIR",1,SAMBA,624,17,2912,116,3045
"THE DADRA AND NAGAR HAVELI AND DAMAN AND DIU",38,"DADRA AND NAGAR HAVELI",465,72,3735,367,4174
"THE DADRA AND NAGAR HAVELI AND DAMAN AND DIU",38,DAMAN,463,49,2174,287,2510
"THE DADRA AND NAGAR HAVELI AND DAMAN AND DIU",38,DIU,464,0,179,5,184
